{
    "$schema": "https://schema.management.azure.com/schemas/2015-01-01/deploymentParameters.json#",
    "contentVersion": "1.0.0.0",
    "parameters": {
        "accounts_iotdla27d68608_defaultDataLakeStoreAccount": {
            "value": null
        },
        "accounts_iotdla27d68608_dataLakeStoreAccounts": {
            "value": null
        },
        "serverfarms_WestUSPlan_name": {
            "value": null
        },
        "sites_iot_func_27D68608_name": {
            "value": null
        },
        "IotHubs_iot_hub_27D68608_name": {
            "value": null
        },
        "accounts_iotdls27d68608_name": {
            "value": null
        },
        "components_iot_appi_27D68608_name": {
            "value": null
        },
        "storageAccounts_iotblob27d68608_name": {
            "value": null
        },
        "accounts_iotdla27d68608_name": {
            "value": null
        },
        "streamingjobs_iot_asa_27D68608_name": {
            "value": null
        },
        "databaseAccounts_iot_cosmos_27d68608_name": {
            "value": null
        },
        "environments_iot_tsi_27D68608_name": {
            "value": null
        },
        "alertrules_Failure_Anomalies___iot_appi_27D68608_name": {
            "value": null
        }
    }
}